{"licenses":[{"name":"","id":0,"url":""}],"info":{"contributor":"","date_created":"","description":"","url":"","version":"","year":""},"categories":[{"id":1,"name":"button","supercategory":""},{"id":2,"name":"combox","supercategory":""},{"id":3,"name":"input","supercategory":""}],"images":[{"id":1,"width":1920,"height":1080,"file_name":"2024-02-07_145909.png","license":0,"flickr_url":"","coco_url":"","date_captured":0},{"id":2,"width":1920,"height":1080,"file_name":"2024-02-07_145935.png","license":0,"flickr_url":"","coco_url":"","date_captured":0}],"annotations":[{"id":1,"image_id":1,"category_id":1,"segmentation":[],"area":1840.6752000000001,"bbox":[858.4,1028.83,44.59,41.28],"iscrowd":0,"attributes":{"occluded":false,"rotation":0.0}},{"id":2,"image_id":1,"category_id":1,"segmentation":[],"area":1843.4142000000002,"bbox":[911.25,1025.52,42.93,42.94],"iscrowd":0,"attributes":{"occluded":false,"rotation":0.0}},{"id":3,"image_id":1,"category_id":1,"segmentation":[],"area":7665.880899999999,"bbox":[476.78,494.59,183.79,41.71],"iscrowd":0,"attributes":{"occluded":false,"rotation":0.0}},{"id":4,"image_id":1,"category_id":1,"segmentation":[],"area":8255.2079,"bbox":[700.36,492.32,189.47,43.57],"iscrowd":0,"attributes":{"occluded":false,"rotation":0.0}},{"id":5,"image_id":1,"category_id":1,"segmentation":[],"area":5865.839999999994,"bbox":[1064.15,928.11,162.94,36.0],"iscrowd":0,"attributes":{"occluded":false,"rotation":0.0}},{"id":6,"image_id":1,"category_id":1,"segmentation":[],"area":7251.009299999993,"bbox":[1234.67,928.11,191.37,37.89],"iscrowd":0,"attributes":{"occluded":false,"rotation":0.0}},{"id":7,"image_id":1,"category_id":1,"segmentation":[],"area":2512.448000000007,"bbox":[355.52,1028.53,53.05,47.36],"iscrowd":0,"attributes":{"occluded":false,"rotation":0.0}},{"id":8,"image_id":1,"category_id":1,"segmentation":[],"area":927.2000000000028,"bbox":[422.3,1034.8,30.5,30.4],"iscrowd":0,"attributes":{"occluded":false,"rotation":0.0}},{"id":9,"image_id":1,"category_id":1,"segmentation":[],"area":2873.806599999996,"bbox":[467.03,1023.87,56.14,51.19],"iscrowd":0,"attributes":{"occluded":false,"rotation":0.0}},{"id":10,"image_id":1,"category_id":1,"segmentation":[],"area":2618.1889999999935,"bbox":[524.83,1025.52,49.54,52.85],"iscrowd":0,"attributes":{"occluded":false,"rotation":0.0}},{"id":11,"image_id":1,"category_id":1,"segmentation":[],"area":2061.8415999999966,"bbox":[580.97,1025.52,46.24,44.59],"iscrowd":0,"attributes":{"occluded":false,"rotation":0.0}},{"id":12,"image_id":1,"category_id":1,"segmentation":[],"area":1914.2651999999994,"bbox":[633.82,1025.52,44.58,42.94],"iscrowd":0,"attributes":{"occluded":false,"rotation":0.0}},{"id":13,"image_id":1,"category_id":1,"segmentation":[],"area":1985.5455999999924,"bbox":[689.96,1027.17,46.24,42.94],"iscrowd":0,"attributes":{"occluded":false,"rotation":0.0}},{"id":14,"image_id":1,"category_id":1,"segmentation":[],"area":1603.6032000000032,"bbox":[749.41,1025.52,34.68,46.24],"iscrowd":0,"attributes":{"occluded":false,"rotation":0.0}},{"id":15,"image_id":1,"category_id":1,"segmentation":[],"area":2372.4705999999974,"bbox":[800.61,1022.22,47.89,49.54],"iscrowd":0,"attributes":{"occluded":false,"rotation":0.0}},{"id":16,"image_id":2,"category_id":1,"segmentation":[],"area":20482.55299999997,"bbox":[987.21,754.7,335.23,61.1],"iscrowd":0,"attributes":{"occluded":false,"rotation":0.0}},{"id":17,"image_id":2,"category_id":1,"segmentation":[],"area":20280.922999999966,"bbox":[627.21,825.71,331.93,61.1],"iscrowd":0,"attributes":{"occluded":false,"rotation":0.0}},{"id":18,"image_id":2,"category_id":1,"segmentation":[],"area":3026.8939999999934,"bbox":[1238.22,936.35,61.1,49.54],"iscrowd":0,"attributes":{"occluded":false,"rotation":0.0}},{"id":19,"image_id":2,"category_id":1,"segmentation":[],"area":15739.971,"bbox":[982.26,824.06,257.61,61.1],"iscrowd":0,"attributes":{"occluded":false,"rotation":0.0}},{"id":20,"image_id":2,"category_id":1,"segmentation":[],"area":10317.1938,"bbox":[623.91,929.74,160.18,64.41],"iscrowd":0,"attributes":{"occluded":false,"rotation":0.0}},{"id":21,"image_id":2,"category_id":1,"segmentation":[],"area":15117.6396,"bbox":[584.28,272.5,145.32,104.03],"iscrowd":0,"attributes":{"occluded":false,"rotation":0.0}},{"id":22,"image_id":2,"category_id":1,"segmentation":[],"area":9179.137799999986,"bbox":[744.46,267.54,84.22,108.99],"iscrowd":0,"attributes":{"occluded":false,"rotation":0.0}},{"id":23,"image_id":2,"category_id":1,"segmentation":[],"area":13264.095000000007,"bbox":[856.75,265.89,105.69,125.5],"iscrowd":0,"attributes":{"occluded":false,"rotation":0.0}},{"id":24,"image_id":2,"category_id":1,"segmentation":[],"area":10570.799000000014,"bbox":[974.0,259.28,94.13,112.3],"iscrowd":0,"attributes":{"occluded":false,"rotation":0.0}},{"id":25,"image_id":2,"category_id":1,"segmentation":[],"area":14251.538399999992,"bbox":[1079.69,265.89,128.81,110.64],"iscrowd":0,"attributes":{"occluded":false,"rotation":0.0}},{"id":26,"image_id":2,"category_id":1,"segmentation":[],"area":10048.324800000017,"bbox":[1220.06,264.24,90.82,110.64],"iscrowd":0,"attributes":{"occluded":false,"rotation":0.0}},{"id":27,"image_id":2,"category_id":1,"segmentation":[],"area":15010.093799999997,"bbox":[590.88,383.14,142.02,105.69],"iscrowd":0,"attributes":{"occluded":false,"rotation":0.0}},{"id":28,"image_id":2,"category_id":1,"segmentation":[],"area":9653.364399999993,"bbox":[736.2,386.44,99.08,97.43],"iscrowd":0,"attributes":{"occluded":false,"rotation":0.0}},{"id":29,"image_id":2,"category_id":1,"segmentation":[],"area":12980.492799999993,"bbox":[836.94,391.39,140.36,92.48],"iscrowd":0,"attributes":{"occluded":false,"rotation":0.0}},{"id":30,"image_id":2,"category_id":1,"segmentation":[],"area":3512.010600000003,"bbox":[1198.59,627.54,92.47,37.98],"iscrowd":0,"attributes":{"occluded":false,"rotation":0.0}},{"id":31,"image_id":2,"category_id":1,"segmentation":[],"area":11070.252400000012,"bbox":[627.21,682.04,191.56,57.79],"iscrowd":0,"attributes":{"occluded":false,"rotation":0.0}},{"id":32,"image_id":2,"category_id":1,"segmentation":[],"area":10290.461999999994,"bbox":[987.21,680.39,183.3,56.14],"iscrowd":0,"attributes":{"occluded":false,"rotation":0.0}},{"id":33,"image_id":2,"category_id":1,"segmentation":[],"area":12612.873000000009,"bbox":[630.51,753.05,206.43,61.1],"iscrowd":0,"attributes":{"occluded":false,"rotation":0.0}}]}